Are you a Barnard student or Columbia student?,What is your major?,Are you left-handed or right-handed?,Roughly how many hours of sleep do you get on a weeknight during the semester?,Roughly how many hours of sleep do you get on a weekend during the semester?,"On any given day, roughly how many browser tabs do you have open?",Did you answer honestly to all of the questions?
Barnard,Economics or Economics-Statistics,Right-handed,7.5,9,20,Yes
Barnard,Cognitive Science,Right-handed,7.5,8,10,Yes
Barnard,Economics or Economics-Statistics,Left-handed,7,8,47,No
Barnard,Economics or Economics-Statistics,Left-handed,7,8,15,Yes
Barnard,Cognitive Science,Right-handed,8,9,10,Yes
Barnard,Cognitive Science,Right-handed,7,6,8,Yes
Barnard,Undeclared,Right-handed,7,9,15,Yes
Barnard,Dance,Ambidextrous,7,11,999,No
Barnard,Economics or Economics-Statistics,Right-handed,8,8,30,Yes
Barnard,Economics or Economics-Statistics,Ambidextrous,8,10,12,Yes
Barnard,Economics or Economics-Statistics,Right-handed,7.5,8.5,30,Yes
Barnard,Undeclared,Right-handed,7,8,10,Yes
Barnard,Undeclared,Right-handed,5,8,21,Yes
Barnard,Dance,Left-handed,1,6,500,Yes
Barnard,Economics or Economics-Statistics,Right-handed,8,10,50,Yes
Barnard,Undeclared,Right-handed,6,8,6,Yes
Barnard,Cognitive Science,Right-handed,5,8,10,Yes
Columbia,Cognitive Science,Right-handed,6,8,25,Yes
Barnard,Economics or Economics-Statistics,Right-handed,7,9,15,Yes
Barnard,Psychology,Right-handed,8,10,20,Yes
Barnard,Economics or Economics-Statistics,Right-handed,6,10,15,No
Barnard,Economics or Economics-Statistics,Right-handed,7,8,999,No
Barnard,Dance,Left-handed,6,7,20,Yes
Barnard,Economics or Economics-Statistics,Right-handed,8,8,50,Yes
Barnard,Undeclared,Left-handed,7,10,15,Yes
Barnard,Undeclared,Right-handed,7,8,20,Yes
Barnard,Cognitive Science,Right-handed,7.5,9,10,Yes
Barnard,Economics or Economics-Statistics,Right-handed,7,9,10,Yes
Barnard,Economics or Economics-Statistics,Right-handed,7,10,900,Yes
Barnard,Undeclared,Right-handed,8,16,6,Yes
Barnard,Applied Mathematics,Right-handed,9,5,20,No
Barnard,Economics or Economics-Statistics,Right-handed,8,8,10,Yes
Barnard,Applied Mathematics,Left-handed,6,10,12,No
Barnard,Applied Mathematics,Right-handed,6.5,8,40,Yes
Barnard,Economics or Economics-Statistics,Right-handed,7,9,30,Yes